<?xml version="1.0" standalone="yes"?>
<DocumentElement>
  <Data>
    <StofId>1</StofId>
    <StofNavn>Unkendt</StofNavn>
  </Data>
  <Data>
    <StofId>2</StofId>
    <StofNavn>Natrium</StofNavn>
  </Data>
  <Data>
    <StofId>3</StofId>
    <StofNavn>Magnesium</StofNavn>
  </Data>
  <Data>
    <StofId>4</StofId>
    <StofNavn>Aluminium</StofNavn>
  </Data>
  <Data>
    <StofId>5</StofId>
    <StofNavn>Silicium</StofNavn>
  </Data>
  <Data>
    <StofId>6</StofId>
    <StofNavn>Fosfor</StofNavn>
  </Data>
  <Data>
    <StofId>7</StofId>
    <StofNavn>Svovl</StofNavn>
  </Data>
  <Data>
    <StofId>8</StofId>
    <StofNavn>Klorid</StofNavn>
  </Data>
  <Data>
    <StofId>9</StofId>
    <StofNavn>Argon</StofNavn>
  </Data>
  <Data>
    <StofId>10</StofId>
    <StofNavn>Kalium</StofNavn>
  </Data>
  <Data>
    <StofId>11</StofId>
    <StofNavn>Calcium</StofNavn>
  </Data>
  <Data>
    <StofId>12</StofId>
    <StofNavn>Scandium</StofNavn>
  </Data>
  <Data>
    <StofId>13</StofId>
    <StofNavn>Titan</StofNavn>
  </Data>
  <Data>
    <StofId>14</StofId>
    <StofNavn>Vanadium</StofNavn>
  </Data>
  <Data>
    <StofId>15</StofId>
    <StofNavn>Krom</StofNavn>
  </Data>
  <Data>
    <StofId>16</StofId>
    <StofNavn>Mangan</StofNavn>
  </Data>
  <Data>
    <StofId>17</StofId>
    <StofNavn>Jern</StofNavn>
  </Data>
  <Data>
    <StofId>18</StofId>
    <StofNavn>Kobolt</StofNavn>
  </Data>
  <Data>
    <StofId>19</StofId>
    <StofNavn>Nikkel</StofNavn>
  </Data>
  <Data>
    <StofId>20</StofId>
    <StofNavn>Kobber</StofNavn>
  </Data>
  <Data>
    <StofId>21</StofId>
    <StofNavn>Zink</StofNavn>
  </Data>
  <Data>
    <StofId>22</StofId>
    <StofNavn>Gallium</StofNavn>
  </Data>
  <Data>
    <StofId>23</StofId>
    <StofNavn>Germanium</StofNavn>
  </Data>
  <Data>
    <StofId>24</StofId>
    <StofNavn>Arsen</StofNavn>
  </Data>
  <Data>
    <StofId>25</StofId>
    <StofNavn>Selen</StofNavn>
  </Data>
  <Data>
    <StofId>26</StofId>
    <StofNavn>Brom</StofNavn>
  </Data>
  <Data>
    <StofId>27</StofId>
    <StofNavn>Krypton</StofNavn>
  </Data>
  <Data>
    <StofId>28</StofId>
    <StofNavn>Rubidium</StofNavn>
  </Data>
  <Data>
    <StofId>29</StofId>
    <StofNavn>Strontium</StofNavn>
  </Data>
  <Data>
    <StofId>30</StofId>
    <StofNavn>Ytterbium</StofNavn>
  </Data>
  <Data>
    <StofId>31</StofId>
    <StofNavn>Zircon</StofNavn>
  </Data>
  <Data>
    <StofId>32</StofId>
    <StofNavn>Nobium</StofNavn>
  </Data>
  <Data>
    <StofId>33</StofId>
    <StofNavn>Molybdæn</StofNavn>
  </Data>
  <Data>
    <StofId>34</StofId>
    <StofNavn>Technetium</StofNavn>
  </Data>
  <Data>
    <StofId>35</StofId>
    <StofNavn>Ruthenium</StofNavn>
  </Data>
  <Data>
    <StofId>36</StofId>
    <StofNavn>Rhodium</StofNavn>
  </Data>
  <Data>
    <StofId>37</StofId>
    <StofNavn>Palladium</StofNavn>
  </Data>
  <Data>
    <StofId>38</StofId>
    <StofNavn>Sølv</StofNavn>
  </Data>
  <Data>
    <StofId>39</StofId>
    <StofNavn>Kadmium</StofNavn>
  </Data>
  <Data>
    <StofId>40</StofId>
    <StofNavn>Indium</StofNavn>
  </Data>
  <Data>
    <StofId>41</StofId>
    <StofNavn>Tin</StofNavn>
  </Data>
  <Data>
    <StofId>42</StofId>
    <StofNavn>Antimon</StofNavn>
  </Data>
  <Data>
    <StofId>43</StofId>
    <StofNavn>Tellur</StofNavn>
  </Data>
  <Data>
    <StofId>44</StofId>
    <StofNavn>Jod</StofNavn>
  </Data>
  <Data>
    <StofId>45</StofId>
    <StofNavn>Barium</StofNavn>
  </Data>
  <Data>
    <StofId>46</StofId>
    <StofNavn>Wolfram</StofNavn>
  </Data>
  <Data>
    <StofId>47</StofId>
    <StofNavn>Kviksølv</StofNavn>
  </Data>
  <Data>
    <StofId>48</StofId>
    <StofNavn>Bly</StofNavn>
  </Data>
  <Data>
    <StofId>49</StofId>
    <StofNavn>Nedbørsmængde</StofNavn>
  </Data>
  <Data>
    <StofId>50</StofId>
    <StofNavn>Nedbør</StofNavn>
  </Data>
  <Data>
    <StofId>51</StofId>
    <StofNavn>Luftvolumen</StofNavn>
  </Data>
  <Data>
    <StofId>52</StofId>
    <StofNavn>Ammoniak</StofNavn>
  </Data>
  <Data>
    <StofId>53</StofId>
    <StofNavn>Ammonium</StofNavn>
  </Data>
  <Data>
    <StofId>54</StofId>
    <StofNavn>NO2</StofNavn>
  </Data>
  <Data>
    <StofId>55</StofId>
    <StofNavn>Nitrat</StofNavn>
  </Data>
  <Data>
    <StofId>56</StofId>
    <StofNavn>Salpetersyre</StofNavn>
  </Data>
  <Data>
    <StofId>57</StofId>
    <StofNavn>Fosfat</StofNavn>
  </Data>
  <Data>
    <StofId>58</StofId>
    <StofNavn>Svovldioxid</StofNavn>
  </Data>
  <Data>
    <StofId>59</StofId>
    <StofNavn>Sulfat</StofNavn>
  </Data>
  <Data>
    <StofId>60</StofId>
    <StofNavn>TSP</StofNavn>
  </Data>
  <Data>
    <StofId>61</StofId>
    <StofNavn>pH</StofNavn>
  </Data>
  <Data>
    <StofId>62</StofId>
    <StofNavn>Ledningsevne</StofNavn>
  </Data>
  <Data>
    <StofId>63</StofId>
    <StofNavn>Sod</StofNavn>
  </Data>
  <Data>
    <StofId>64</StofId>
    <StofNavn>Lithium</StofNavn>
  </Data>
  <Data>
    <StofId>65</StofId>
    <StofNavn>PM10</StofNavn>
  </Data>
  <Data>
    <StofId>66</StofId>
    <StofNavn>PM2.5</StofNavn>
  </Data>
  <Data>
    <StofId>67</StofId>
    <StofNavn>Total kvælstof</StofNavn>
  </Data>
  <Data>
    <StofId>68</StofId>
    <StofNavn>PM10 beta gauge</StofNavn>
  </Data>
  <Data>
    <StofId>69</StofId>
    <StofNavn>Atrazine</StofNavn>
  </Data>
  <Data>
    <StofId>70</StofId>
    <StofNavn>Chloridazone</StofNavn>
  </Data>
  <Data>
    <StofId>71</StofId>
    <StofNavn>Desethylatrazine</StofNavn>
  </Data>
  <Data>
    <StofId>72</StofId>
    <StofNavn>Desethylterbutylazine</StofNavn>
  </Data>
  <Data>
    <StofId>73</StofId>
    <StofNavn>Desisopropylatrazine</StofNavn>
  </Data>
  <Data>
    <StofId>74</StofId>
    <StofNavn>Dichlorprop</StofNavn>
  </Data>
  <Data>
    <StofId>75</StofId>
    <StofNavn>Diuron</StofNavn>
  </Data>
  <Data>
    <StofId>76</StofId>
    <StofNavn>Dinitro-0-cresol</StofNavn>
  </Data>
  <Data>
    <StofId>77</StofId>
    <StofNavn>Etofumesate</StofNavn>
  </Data>
  <Data>
    <StofId>78</StofId>
    <StofNavn>Fenpropimorph</StofNavn>
  </Data>
  <Data>
    <StofId>79</StofId>
    <StofNavn>Hydroxyatrazine</StofNavn>
  </Data>
  <Data>
    <StofId>80</StofId>
    <StofNavn>Hydroxysimazine</StofNavn>
  </Data>
  <Data>
    <StofId>81</StofId>
    <StofNavn>Isoproturon</StofNavn>
  </Data>
  <Data>
    <StofId>82</StofId>
    <StofNavn>4-Chloro-2-methylphenoxy acetic acid</StofNavn>
  </Data>
  <Data>
    <StofId>83</StofId>
    <StofNavn>Mechlorprop</StofNavn>
  </Data>
  <Data>
    <StofId>84</StofId>
    <StofNavn>Metamitron</StofNavn>
  </Data>
  <Data>
    <StofId>85</StofId>
    <StofNavn>Metazachlor</StofNavn>
  </Data>
  <Data>
    <StofId>86</StofId>
    <StofNavn>Terbutylazine</StofNavn>
  </Data>
  <Data>
    <StofId>87</StofId>
    <StofNavn>4-Nitrophenol</StofNavn>
  </Data>
  <Data>
    <StofId>88</StofId>
    <StofNavn>2,4-Dinitrophenol</StofNavn>
  </Data>
  <Data>
    <StofId>89</StofId>
    <StofNavn>3-Methyl-2-nitrophenol</StofNavn>
  </Data>
  <Data>
    <StofId>90</StofId>
    <StofNavn>3-methyl-4-nitrophenol</StofNavn>
  </Data>
  <Data>
    <StofId>91</StofId>
    <StofNavn>Acenaphthen</StofNavn>
  </Data>
  <Data>
    <StofId>92</StofId>
    <StofNavn>Acenaphthylen</StofNavn>
  </Data>
  <Data>
    <StofId>93</StofId>
    <StofNavn>Anthracen</StofNavn>
  </Data>
  <Data>
    <StofId>94</StofId>
    <StofNavn>Benz(a)antrhracen</StofNavn>
  </Data>
  <Data>
    <StofId>95</StofId>
    <StofNavn>Benz(a)pyren</StofNavn>
  </Data>
  <Data>
    <StofId>96</StofId>
    <StofNavn>Benz(e)pyren</StofNavn>
  </Data>
  <Data>
    <StofId>97</StofId>
    <StofNavn>Benz(ghi)perylen</StofNavn>
  </Data>
  <Data>
    <StofId>98</StofId>
    <StofNavn>Benz(b+j+k)fluoranthener</StofNavn>
  </Data>
  <Data>
    <StofId>99</StofId>
    <StofNavn>Chrysen+triphenylen</StofNavn>
  </Data>
  <Data>
    <StofId>100</StofId>
    <StofNavn>Dibenz[a,h]anthracen</StofNavn>
  </Data>
  <Data>
    <StofId>101</StofId>
    <StofNavn>Dibenzothiophene</StofNavn>
  </Data>
  <Data>
    <StofId>102</StofId>
    <StofNavn>3,6-Dimethylphenanthrene</StofNavn>
  </Data>
  <Data>
    <StofId>103</StofId>
    <StofNavn>Fluoranthen</StofNavn>
  </Data>
  <Data>
    <StofId>104</StofId>
    <StofNavn>Fluoren</StofNavn>
  </Data>
  <Data>
    <StofId>105</StofId>
    <StofNavn>Indeno(1,2,3-cd)pyren</StofNavn>
  </Data>
  <Data>
    <StofId>106</StofId>
    <StofNavn>1-Methylnaphthalen</StofNavn>
  </Data>
  <Data>
    <StofId>107</StofId>
    <StofNavn>2-Methylnaphthalen</StofNavn>
  </Data>
  <Data>
    <StofId>108</StofId>
    <StofNavn>2-Methylphenanthren</StofNavn>
  </Data>
  <Data>
    <StofId>109</StofId>
    <StofNavn>Naphthalen</StofNavn>
  </Data>
  <Data>
    <StofId>110</StofId>
    <StofNavn>Perylen</StofNavn>
  </Data>
  <Data>
    <StofId>111</StofId>
    <StofNavn>Phenanthren</StofNavn>
  </Data>
  <Data>
    <StofId>112</StofId>
    <StofNavn>Pyren</StofNavn>
  </Data>
  <Data>
    <StofId>113</StofId>
    <StofNavn>Pendimethalin</StofNavn>
  </Data>
  <Data>
    <StofId>114</StofId>
    <StofNavn>Disulfoton</StofNavn>
  </Data>
  <Data>
    <StofId>115</StofId>
    <StofNavn>Butylbenzylphthalat</StofNavn>
  </Data>
  <Data>
    <StofId>116</StofId>
    <StofNavn>Di(2-ethylhexyl)phtalat</StofNavn>
  </Data>
  <Data>
    <StofId>117</StofId>
    <StofNavn>Diisononylphthalat</StofNavn>
  </Data>
  <Data>
    <StofId>118</StofId>
    <StofNavn>Dibutylphthalat</StofNavn>
  </Data>
  <Data>
    <StofId>119</StofId>
    <StofNavn>Diethylphthalat</StofNavn>
  </Data>
  <Data>
    <StofId>120</StofId>
    <StofNavn>Hexachlorobenzene</StofNavn>
  </Data>
  <Data>
    <StofId>121</StofId>
    <StofNavn>Endosulfan I + II</StofNavn>
  </Data>
  <Data>
    <StofId>122</StofId>
    <StofNavn>alpha-Hexachlorocyclohexane</StofNavn>
  </Data>
  <Data>
    <StofId>123</StofId>
    <StofNavn>gamma-Hexachlorcyclohexane (lindan)</StofNavn>
  </Data>
  <Data>
    <StofId>124</StofId>
    <StofNavn>Dieldrin</StofNavn>
  </Data>
  <Data>
    <StofId>125</StofId>
    <StofNavn>4,4-DDT</StofNavn>
  </Data>
  <Data>
    <StofId>126</StofId>
    <StofNavn>2,4-DDT</StofNavn>
  </Data>
  <Data>
    <StofId>127</StofId>
    <StofNavn>p,p’-DDE</StofNavn>
  </Data>
  <Data>
    <StofId>128</StofId>
    <StofNavn>o,p’-DDE</StofNavn>
  </Data>
  <Data>
    <StofId>129</StofId>
    <StofNavn>Trifluralin</StofNavn>
  </Data>
  <Data>
    <StofId>130</StofId>
    <StofNavn>Heptachlor epoxid</StofNavn>
  </Data>
  <Data>
    <StofId>131</StofId>
    <StofNavn>alpha-Chlordane</StofNavn>
  </Data>
  <Data>
    <StofId>132</StofId>
    <StofNavn>gamma-Chlordane</StofNavn>
  </Data>
  <Data>
    <StofId>133</StofId>
    <StofNavn>2,6-Dinitrophenol</StofNavn>
  </Data>
  <Data>
    <StofId>134</StofId>
    <StofNavn>2,6-Dimethyl-4-nitrophenol</StofNavn>
  </Data>
  <Data>
    <StofId>135</StofId>
    <StofNavn>PM2.5 beta gauge</StofNavn>
  </Data>
  <Data>
    <StofId>136</StofId>
    <StofNavn>Carbonmonooxid</StofNavn>
  </Data>
  <Data>
    <StofId>137</StofId>
    <StofNavn>Ammoniak</StofNavn>
  </Data>
  <Data>
    <StofId>138</StofId>
    <StofNavn>Nitrogenmonooxid</StofNavn>
  </Data>
  <Data>
    <StofId>139</StofId>
    <StofNavn>Salpeter syrling</StofNavn>
  </Data>
  <Data>
    <StofId>140</StofId>
    <StofNavn>Nitrogendioxid</StofNavn>
  </Data>
  <Data>
    <StofId>141</StofId>
    <StofNavn>NOx'er</StofNavn>
  </Data>
  <Data>
    <StofId>142</StofId>
    <StofNavn>Nitrogenmonooxid c</StofNavn>
  </Data>
  <Data>
    <StofId>143</StofId>
    <StofNavn>Nitrat</StofNavn>
  </Data>
  <Data>
    <StofId>144</StofId>
    <StofNavn>Svovldioxid</StofNavn>
  </Data>
  <Data>
    <StofId>145</StofId>
    <StofNavn>Temperatur</StofNavn>
  </Data>
  <Data>
    <StofId>146</StofId>
    <StofNavn>Tryk</StofNavn>
  </Data>
  <Data>
    <StofId>147</StofId>
    <StofNavn>Ozon</StofNavn>
  </Data>
  <Data>
    <StofId>148</StofId>
    <StofNavn>Formaldehyd</StofNavn>
  </Data>
  <Data>
    <StofId>149</StofId>
    <StofNavn>Benzen</StofNavn>
  </Data>
  <Data>
    <StofId>150</StofId>
    <StofNavn>Phenol</StofNavn>
  </Data>
  <Data>
    <StofId>151</StofId>
    <StofNavn>Toluen</StofNavn>
  </Data>
  <Data>
    <StofId>152</StofId>
    <StofNavn>Ethyl-Bezen</StofNavn>
  </Data>
  <Data>
    <StofId>153</StofId>
    <StofNavn>o-Xylen</StofNavn>
  </Data>
  <Data>
    <StofId>154</StofId>
    <StofNavn>m-Xylen</StofNavn>
  </Data>
  <Data>
    <StofId>155</StofId>
    <StofNavn>p-Xylen</StofNavn>
  </Data>
  <Data>
    <StofId>156</StofId>
    <StofNavn>Styren</StofNavn>
  </Data>
  <Data>
    <StofId>157</StofId>
    <StofNavn>Carbondioxid</StofNavn>
  </Data>
  <Data>
    <StofId>158</StofId>
    <StofNavn>Flow</StofNavn>
  </Data>
  <Data>
    <StofId>159</StofId>
    <StofNavn>Gasformigt elemtar kviksølv</StofNavn>
  </Data>
  <Data>
    <StofId>160</StofId>
    <StofNavn>Acetald</StofNavn>
  </Data>
  <Data>
    <StofId>161</StofId>
    <StofNavn>PM10</StofNavn>
  </Data>
  <Data>
    <StofId>162</StofId>
    <StofNavn>PM25</StofNavn>
  </Data>
  <Data>
    <StofId>163</StofId>
    <StofNavn>m og p-Xylen</StofNavn>
  </Data>
  <Data>
    <StofId>164</StofId>
    <StofNavn>Volumen</StofNavn>
  </Data>
  <Data>
    <StofId>165</StofId>
    <StofNavn>Organisk kulstof</StofNavn>
  </Data>
  <Data>
    <StofId>166</StofId>
    <StofNavn>Uorganisk kulstof</StofNavn>
  </Data>
  <Data>
    <StofId>167</StofId>
    <StofNavn>Vej temperatur</StofNavn>
  </Data>
  <Data>
    <StofId>168</StofId>
    <StofNavn>Vej Frys</StofNavn>
  </Data>
  <Data>
    <StofId>169</StofId>
    <StofNavn>Vej radar</StofNavn>
  </Data>
  <Data>
    <StofId>170</StofId>
    <StofNavn>Vej film</StofNavn>
  </Data>
  <Data>
    <StofId>171</StofId>
    <StofNavn>Reaktivt gasformigt kviksølv</StofNavn>
  </Data>
  <Data>
    <StofId>172</StofId>
    <StofNavn>Vej Fysisk</StofNavn>
  </Data>
  <Data>
    <StofId>173</StofId>
    <StofNavn>Vej Absorp</StofNavn>
  </Data>
  <Data>
    <StofId>174</StofId>
    <StofNavn>Total atmosfærisk kviksølv</StofNavn>
  </Data>
  <Data>
    <StofId>175</StofId>
    <StofNavn>PM10_FDMS</StofNavn>
  </Data>
  <Data>
    <StofId>176</StofId>
    <StofNavn>PM25_FDMS</StofNavn>
  </Data>
  <Data>
    <StofId>177</StofId>
    <StofNavn>SodRef</StofNavn>
  </Data>
  <Data>
    <StofId>178</StofId>
    <StofNavn>SodAbs</StofNavn>
  </Data>
  <Data>
    <StofId>179</StofId>
    <StofNavn>Fluorid</StofNavn>
  </Data>
  <Data>
    <StofId>180</StofId>
    <StofNavn>Partikelantal</StofNavn>
  </Data>
  <Data>
    <StofId>181</StofId>
    <StofNavn>1-Pentene</StofNavn>
  </Data>
  <Data>
    <StofId>182</StofId>
    <StofNavn>n-Pentane</StofNavn>
  </Data>
  <Data>
    <StofId>183</StofId>
    <StofNavn>trans-2-Pentene</StofNavn>
  </Data>
  <Data>
    <StofId>184</StofId>
    <StofNavn>Isoprene</StofNavn>
  </Data>
  <Data>
    <StofId>185</StofId>
    <StofNavn>2-Methylpentane</StofNavn>
  </Data>
  <Data>
    <StofId>186</StofId>
    <StofNavn>n-Hexane</StofNavn>
  </Data>
  <Data>
    <StofId>187</StofId>
    <StofNavn>n-Heptane</StofNavn>
  </Data>
  <Data>
    <StofId>188</StofId>
    <StofNavn>Isooctane</StofNavn>
  </Data>
  <Data>
    <StofId>189</StofId>
    <StofNavn>n-Octane</StofNavn>
  </Data>
  <Data>
    <StofId>190</StofId>
    <StofNavn>1,3,5-trimethylbenzene</StofNavn>
  </Data>
  <Data>
    <StofId>191</StofId>
    <StofNavn>1,2,4-trimethylbenzene</StofNavn>
  </Data>
  <Data>
    <StofId>192</StofId>
    <StofNavn>1,2,3-trimethylbenzene</StofNavn>
  </Data>
  <Data>
    <StofId>193</StofId>
    <StofNavn>Benzo(a)anthracene</StofNavn>
  </Data>
  <Data>
    <StofId>194</StofId>
    <StofNavn>CHR+TR</StofNavn>
  </Data>
  <Data>
    <StofId>195</StofId>
    <StofNavn>Benzo(b)fluoranthene</StofNavn>
  </Data>
  <Data>
    <StofId>196</StofId>
    <StofNavn>Benzo(k)fluoranthene</StofNavn>
  </Data>
  <Data>
    <StofId>197</StofId>
    <StofNavn>Benzo(e)pyrene</StofNavn>
  </Data>
  <Data>
    <StofId>198</StofId>
    <StofNavn>Benzo(a)pyrene</StofNavn>
  </Data>
  <Data>
    <StofId>203</StofId>
    <StofNavn>Ethofumesate</StofNavn>
  </Data>
  <Data>
    <StofId>204</StofId>
    <StofNavn>MCPA</StofNavn>
  </Data>
  <Data>
    <StofId>205</StofId>
    <StofNavn>Prosulfocarb</StofNavn>
  </Data>
  <Data>
    <StofId>206</StofId>
    <StofNavn>DNOC</StofNavn>
  </Data>
  <Data>
    <StofId>207</StofId>
    <StofNavn>Dinoseb</StofNavn>
  </Data>
</DocumentElement>