<?xml version="1.0" standalone="yes"?>
<DocumentElement>
  <Data>
    <UdstyrId>1</UdstyrId>
    <Navn>API Monitor NOx</Navn>
  </Data>
  <Data>
    <UdstyrId>2</UdstyrId>
    <Navn>API Monitor O3</Navn>
  </Data>
  <Data>
    <UdstyrId>3</UdstyrId>
    <Navn>API Monitor SO2</Navn>
  </Data>
  <Data>
    <UdstyrId>4</UdstyrId>
    <Navn>API Monitor NOx TECAN</Navn>
  </Data>
  <Data>
    <UdstyrId>5</UdstyrId>
    <Navn>API Monitor CO</Navn>
  </Data>
  <Data>
    <UdstyrId>6</UdstyrId>
    <Navn>Ulborg Differens Tryk</Navn>
  </Data>
  <Data>
    <UdstyrId>7</UdstyrId>
    <Navn>En-kanal CO2-monitor</Navn>
  </Data>
  <Data>
    <UdstyrId>8</UdstyrId>
    <Navn>BTX</Navn>
  </Data>
  <Data>
    <UdstyrId>9</UdstyrId>
    <Navn>FlowMeter</Navn>
  </Data>
  <Data>
    <UdstyrId>10</UdstyrId>
    <Navn>Hg</Navn>
  </Data>
  <Data>
    <UdstyrId>11</UdstyrId>
    <Navn>Gaschromatograph (BTX)</Navn>
  </Data>
  <Data>
    <UdstyrId>12</UdstyrId>
    <Navn>DOAS</Navn>
  </Data>
  <Data>
    <UdstyrId>13</UdstyrId>
    <Navn>TEOM P10</Navn>
  </Data>
  <Data>
    <UdstyrId>14</UdstyrId>
    <Navn>TEOM P25</Navn>
  </Data>
  <Data>
    <UdstyrId>15</UdstyrId>
    <Navn>Carbon Particulate Monitor</Navn>
  </Data>
  <Data>
    <UdstyrId>16</UdstyrId>
    <Navn>Vejbanesensor</Navn>
  </Data>
  <Data>
    <UdstyrId>17</UdstyrId>
    <Navn>API Monitor (GAletea)</Navn>
  </Data>
  <Data>
    <UdstyrId>18</UdstyrId>
    <Navn>Sodmåler_PSAP</Navn>
  </Data>
  <Data>
    <UdstyrId>19</UdstyrId>
    <Navn>????</Navn>
  </Data>
  <Data>
    <UdstyrId>20</UdstyrId>
    <Navn>4-arms Filtersampler</Navn>
  </Data>
  <Data>
    <UdstyrId>21</UdstyrId>
    <Navn>8-arms Filtersampler 1</Navn>
  </Data>
  <Data>
    <UdstyrId>22</UdstyrId>
    <Navn>8-arms Filtersampler 2</Navn>
  </Data>
  <Data>
    <UdstyrId>23</UdstyrId>
    <Navn>Denuder sampler</Navn>
  </Data>
  <Data>
    <UdstyrId>24</UdstyrId>
    <Navn>NO2-Badge holder</Navn>
  </Data>
  <Data>
    <UdstyrId>25</UdstyrId>
    <Navn>NO2 Sampler TGS</Navn>
  </Data>
  <Data>
    <UdstyrId>26</UdstyrId>
    <Navn>NO2 Sampler KI</Navn>
  </Data>
  <Data>
    <UdstyrId>27</UdstyrId>
    <Navn>HLU Filtersampler</Navn>
  </Data>
  <Data>
    <UdstyrId>28</UdstyrId>
    <Navn>Sod Filtersampler</Navn>
  </Data>
  <Data>
    <UdstyrId>29</UdstyrId>
    <Navn>Hvid bulk sampler</Navn>
  </Data>
  <Data>
    <UdstyrId>30</UdstyrId>
    <Navn>Sort bulk sampler</Navn>
  </Data>
  <Data>
    <UdstyrId>31</UdstyrId>
    <Navn>Sort kølet sampler</Navn>
  </Data>
  <Data>
    <UdstyrId>32</UdstyrId>
    <Navn>Hvid metal sampler</Navn>
  </Data>
  <Data>
    <UdstyrId>33</UdstyrId>
    <Navn>Sort metal sampler</Navn>
  </Data>
  <Data>
    <UdstyrId>34</UdstyrId>
    <Navn>Hvid bulk Spaghetti</Navn>
  </Data>
  <Data>
    <UdstyrId>35</UdstyrId>
    <Navn>Sort bulk Spaghetti</Navn>
  </Data>
  <Data>
    <UdstyrId>36</UdstyrId>
    <Navn>Hvid metal Spaghetti</Navn>
  </Data>
  <Data>
    <UdstyrId>37</UdstyrId>
    <Navn>Sort metal Spaghetti</Navn>
  </Data>
  <Data>
    <UdstyrId>38</UdstyrId>
    <Navn>Stammenedløb</Navn>
  </Data>
  <Data>
    <UdstyrId>39</UdstyrId>
    <Navn>Rende sampler</Navn>
  </Data>
  <Data>
    <UdstyrId>40</UdstyrId>
    <Navn>Wetonly sampler</Navn>
  </Data>
  <Data>
    <UdstyrId>41</UdstyrId>
    <Navn>Hvid bulk pooling</Navn>
  </Data>
  <Data>
    <UdstyrId>42</UdstyrId>
    <Navn>Sort bulk pooling</Navn>
  </Data>
  <Data>
    <UdstyrId>43</UdstyrId>
    <Navn>Stammenedløb pooling</Navn>
  </Data>
  <Data>
    <UdstyrId>44</UdstyrId>
    <Navn>Rende pooling</Navn>
  </Data>
  <Data>
    <UdstyrId>45</UdstyrId>
    <Navn>PM10 filtersampler</Navn>
  </Data>
  <Data>
    <UdstyrId>46</UdstyrId>
    <Navn>Pufpack</Navn>
  </Data>
  <Data>
    <UdstyrId>47</UdstyrId>
    <Navn>5l plastflaske</Navn>
  </Data>
  <Data>
    <UdstyrId>48</UdstyrId>
    <Navn>SM200</Navn>
  </Data>
  <Data>
    <UdstyrId>49</UdstyrId>
    <Navn>Wetonly sampler organisk</Navn>
  </Data>
  <Data>
    <UdstyrId>50</UdstyrId>
    <Navn>BTX passivopsamler</Navn>
  </Data>
  <Data>
    <UdstyrId>51</UdstyrId>
    <Navn>5l plastflaske til metal</Navn>
  </Data>
  <Data>
    <UdstyrId>52</UdstyrId>
    <Navn>PM10_FDMS</Navn>
  </Data>
  <Data>
    <UdstyrId>53</UdstyrId>
    <Navn>PM25_FDMS</Navn>
  </Data>
  <Data>
    <UdstyrId>54</UdstyrId>
    <Navn>Low Volumen Sampler PM10</Navn>
  </Data>
  <Data>
    <UdstyrId>55</UdstyrId>
    <Navn>Low Volumen Sampler PM25</Navn>
  </Data>
  <Data>
    <UdstyrId>58</UdstyrId>
    <Navn>DMPS</Navn>
  </Data>
  <Data>
    <UdstyrId>59</UdstyrId>
    <Navn>VOC Sampler</Navn>
  </Data>
  <Data>
    <UdstyrId>60</UdstyrId>
    <Navn>High Volume Sampler PM25</Navn>
  </Data>
  <Data>
    <UdstyrId>61</UdstyrId>
    <Navn>Low Volumen Sampler Filterpack hoved</Navn>
  </Data>
  <Data>
    <UdstyrId>63</UdstyrId>
    <Navn>Feltblind NedbørsOpsamler</Navn>
  </Data>
</DocumentElement>