<?xml version="1.0" standalone="yes"?>
<DocumentElement>
  <Data>
    <MaaleStedId>82</MaaleStedId>
    <Navn>Aalborg Gade,Skur 1, Aalborg Vesterbro</Navn>
    <Akronym>AALG</Akronym>
    <UTMX>555660</UTMX>
    <UTMY>6323578</UTMY>
    <UTMZone>32</UTMZone>
  </Data>
  <Data>
    <MaaleStedId>111</MaaleStedId>
    <Navn>Aalborg Tag ny</Navn>
    <Akronym>AALT</Akronym>
    <UTMX>556479</UTMX>
    <UTMY>6322958</UTMY>
    <UTMZone>32</UTMZone>
  </Data>
  <Data>
    <MaaleStedId>179</MaaleStedId>
    <Navn>Aarhus Botanisk</Navn>
    <Akronym>AARHBT</Akronym>
    <UTMX>574140</UTMX>
    <UTMY>6224500</UTMY>
    <UTMZone>32</UTMZone>
  </Data>
  <Data>
    <MaaleStedId>51</MaaleStedId>
    <Navn>Anholt, Radar stationen</Navn>
    <Akronym>ANHO</Akronym>
    <UTMX>654285</UTMX>
    <UTMY>6288753</UTMY>
    <UTMZone>32</UTMZone>
  </Data>
  <Data>
    <MaaleStedId>103</MaaleStedId>
    <Navn>Århus gade (3)</Navn>
    <Akronym>AARHG</Akronym>
    <UTMX>574591</UTMX>
    <UTMY>6223470</UTMY>
    <UTMZone>32</UTMZone>
  </Data>
  <Data>
    <MaaleStedId>3</MaaleStedId>
    <Navn>Flügers hytte</Navn>
    <Akronym>NORD2</Akronym>
    <UTMX>473606</UTMX>
    <UTMY>9057689</UTMY>
    <UTMZone>28</UTMZone>
  </Data>
  <Data>
    <MaaleStedId>86</MaaleStedId>
    <Navn>Føllesbjerg</Navn>
    <Akronym>FOEL</Akronym>
    <UTMX>611753</UTMX>
    <UTMY>6067965</UTMY>
    <UTMZone>32</UTMZone>
  </Data>
  <Data>
    <MaaleStedId>60</MaaleStedId>
    <Navn>Foulum</Navn>
    <Akronym>FOUL</Akronym>
    <UTMX>0</UTMX>
    <UTMY>0</UTMY>
  </Data>
  <Data>
    <MaaleStedId>5</MaaleStedId>
    <Navn>H.C. Andersen Boulevard, Skur</Navn>
    <Akronym>HCAB</Akronym>
    <UTMX>724537</UTMX>
    <UTMY>6175614</UTMY>
    <UTMZone>32</UTMZone>
  </Data>
  <Data>
    <MaaleStedId>105</MaaleStedId>
    <Navn>H.C.Ørsted Inst.</Navn>
    <Akronym>HCOE</Akronym>
    <UTMX>723788</UTMX>
    <UTMY>6178453</UTMY>
    <UTMZone>32</UTMZone>
  </Data>
  <Data>
    <MaaleStedId>180</MaaleStedId>
    <Navn>Hvidovre Fjeldstedvej</Navn>
    <Akronym>HVID</Akronym>
    <UTMX>717952</UTMX>
    <UTMY>6170535</UTMY>
    <UTMZone>32</UTMZone>
  </Data>
  <Data>
    <MaaleStedId>10</MaaleStedId>
    <Navn>Jagtvej, Skur</Navn>
    <Akronym>JAGT</Akronym>
    <UTMX>723293</UTMX>
    <UTMY>6178226</UTMY>
    <UTMZone>32</UTMZone>
  </Data>
  <Data>
    <MaaleStedId>181</MaaleStedId>
    <Navn>Odense Gade Grønløkkevej 20A</Navn>
    <Akronym>ODNG</Akronym>
    <UTMX>586562</UTMX>
    <UTMY>6139844</UTMY>
    <UTMZone>32</UTMZone>
  </Data>
  <Data>
    <MaaleStedId>109</MaaleStedId>
    <Navn>Odense Tag (2)</Navn>
    <Akronym>ODNT</Akronym>
    <UTMX>587985</UTMX>
    <UTMY>6139784</UTMY>
    <UTMZone>32</UTMZone>
  </Data>
  <Data>
    <MaaleStedId>178</MaaleStedId>
    <Navn>Risø</Navn>
    <Akronym>RISOE</Akronym>
    <UTMX>0</UTMX>
    <UTMY>0</UTMY>
    <UTMZone>32</UTMZone>
  </Data>
  <Data>
    <MaaleStedId>56</MaaleStedId>
    <Navn>Tange, Ved søen</Navn>
    <Akronym>TANG</Akronym>
    <UTMX>537216</UTMX>
    <UTMY>6245620</UTMY>
    <UTMZone>32</UTMZone>
  </Data>
  <Data>
    <MaaleStedId>134</MaaleStedId>
    <Navn>Ulborg</Navn>
    <UTMX>464562</UTMX>
    <UTMY>6238551</UTMY>
    <UTMZone>32</UTMZone>
  </Data>
  <Data>
    <MaaleStedId>65</MaaleStedId>
    <Navn>Ulborg, Nyt Tårn</Navn>
    <Akronym>ULBG</Akronym>
    <UTMX>0</UTMX>
    <UTMY>0</UTMY>
  </Data>
</DocumentElement>