<?xml version="1.0" standalone="yes"?>
<DocumentElement>
  <Data>
    <EnhedId>1</EnhedId>
    <Navn>???</Navn>
  </Data>
  <Data>
    <EnhedId>2</EnhedId>
    <Navn>ppb</Navn>
  </Data>
  <Data>
    <EnhedId>3</EnhedId>
    <Navn>bbp</Navn>
  </Data>
  <Data>
    <EnhedId>4</EnhedId>
    <Navn>µg/m³</Navn>
  </Data>
  <Data>
    <EnhedId>5</EnhedId>
    <Navn>ppm</Navn>
  </Data>
  <Data>
    <EnhedId>6</EnhedId>
    <Navn>l/min</Navn>
  </Data>
  <Data>
    <EnhedId>7</EnhedId>
    <Navn>ng/m3</Navn>
  </Data>
  <Data>
    <EnhedId>8</EnhedId>
    <Navn>ml</Navn>
  </Data>
  <Data>
    <EnhedId>9</EnhedId>
    <Navn>gr C</Navn>
  </Data>
  <Data>
    <EnhedId>10</EnhedId>
    <Navn>norm</Navn>
  </Data>
  <Data>
    <EnhedId>11</EnhedId>
    <Navn>mymeter</Navn>
  </Data>
  <Data>
    <EnhedId>12</EnhedId>
    <Navn>index</Navn>
  </Data>
  <Data>
    <EnhedId>13</EnhedId>
    <Navn>volt</Navn>
  </Data>
  <Data>
    <EnhedId>14</EnhedId>
    <Navn>Celcius</Navn>
  </Data>
  <Data>
    <EnhedId>15</EnhedId>
    <Navn>mbar</Navn>
  </Data>
  <Data>
    <EnhedId>16</EnhedId>
    <Navn>mmH2O</Navn>
  </Data>
  <Data>
    <EnhedId>17</EnhedId>
    <Navn>ml/min</Navn>
  </Data>
  <Data>
    <EnhedId>18</EnhedId>
    <Navn>????</Navn>
  </Data>
  <Data>
    <EnhedId>19</EnhedId>
    <Navn>µg</Navn>
  </Data>
  <Data>
    <EnhedId>20</EnhedId>
    <Navn>µg/m3</Navn>
  </Data>
  <Data>
    <EnhedId>21</EnhedId>
    <Navn>µg/l</Navn>
  </Data>
  <Data>
    <EnhedId>22</EnhedId>
    <Navn>µg/ml</Navn>
  </Data>
  <Data>
    <EnhedId>23</EnhedId>
    <Navn>ng</Navn>
  </Data>
  <Data>
    <EnhedId>24</EnhedId>
    <Navn>ng/m3</Navn>
  </Data>
  <Data>
    <EnhedId>25</EnhedId>
    <Navn>g</Navn>
  </Data>
  <Data>
    <EnhedId>26</EnhedId>
    <Navn>pH</Navn>
  </Data>
  <Data>
    <EnhedId>27</EnhedId>
    <Navn>µeq/l</Navn>
  </Data>
  <Data>
    <EnhedId>28</EnhedId>
    <Navn>m3 Std-0</Navn>
  </Data>
  <Data>
    <EnhedId>29</EnhedId>
    <Navn>mm</Navn>
  </Data>
  <Data>
    <EnhedId>30</EnhedId>
    <Navn>ppb</Navn>
  </Data>
  <Data>
    <EnhedId>31</EnhedId>
    <Navn>µg/m3 eiss</Navn>
  </Data>
  <Data>
    <EnhedId>32</EnhedId>
    <Navn>neq/m3</Navn>
  </Data>
  <Data>
    <EnhedId>33</EnhedId>
    <Navn>µS/cm</Navn>
  </Data>
  <Data>
    <EnhedId>34</EnhedId>
    <Navn>%</Navn>
  </Data>
  <Data>
    <EnhedId>35</EnhedId>
    <Navn>l/min</Navn>
  </Data>
  <Data>
    <EnhedId>36</EnhedId>
    <Navn>V</Navn>
  </Data>
  <Data>
    <EnhedId>37</EnhedId>
    <Navn>V*min/l</Navn>
  </Data>
  <Data>
    <EnhedId>38</EnhedId>
    <Navn>count/dg*V</Navn>
  </Data>
  <Data>
    <EnhedId>39</EnhedId>
    <Navn>cm2</Navn>
  </Data>
  <Data>
    <EnhedId>40</EnhedId>
    <Navn>µg/cm2</Navn>
  </Data>
  <Data>
    <EnhedId>41</EnhedId>
    <Navn>l</Navn>
  </Data>
  <Data>
    <EnhedId>42</EnhedId>
    <Navn>m3 Std-20</Navn>
  </Data>
  <Data>
    <EnhedId>43</EnhedId>
    <Navn>m3 Amb</Navn>
  </Data>
  <Data>
    <EnhedId>44</EnhedId>
    <Navn>µg/m3 Std-20</Navn>
  </Data>
  <Data>
    <EnhedId>45</EnhedId>
    <Navn>µg/m3 Amb</Navn>
  </Data>
  <Data>
    <EnhedId>46</EnhedId>
    <Navn>Sod Enhed</Navn>
  </Data>
  <Data>
    <EnhedId>47</EnhedId>
    <Navn>Count</Navn>
  </Data>
  <Data>
    <EnhedId>48</EnhedId>
    <Navn>µg/m3 Ambient</Navn>
  </Data>
  <Data>
    <EnhedId>49</EnhedId>
    <Navn>mg/kg</Navn>
  </Data>
  <Data>
    <EnhedId>50</EnhedId>
    <Navn>antal/cm3</Navn>
  </Data>
  <Data>
    <EnhedId>51</EnhedId>
    <Navn>µg/m3 Std-0</Navn>
  </Data>
  <Data>
    <EnhedId>52</EnhedId>
    <Navn>kg/km2</Navn>
  </Data>
  <Data>
    <EnhedId>53</EnhedId>
    <Navn>ng/m2</Navn>
  </Data>
</DocumentElement>