<?xml version="1.0" standalone="yes"?>
<DocumentElement>
  <Data>
    <GeometriId>177</GeometriId>
    <UTMX>464562</UTMX>
    <UTMY>6238551</UTMY>
    <UTMZone>32</UTMZone>
  </Data>
  <Data>
    <GeometriId>196</GeometriId>
    <UTMX>473606</UTMX>
    <UTMY>9057689</UTMY>
    <UTMZone>28</UTMZone>
  </Data>
  <Data>
    <GeometriId>197</GeometriId>
    <UTMX>724537</UTMX>
    <UTMY>6175614</UTMY>
    <UTMZone>32</UTMZone>
  </Data>
  <Data>
    <GeometriId>202</GeometriId>
    <UTMX>723293</UTMX>
    <UTMY>6178226</UTMY>
    <UTMZone>32</UTMZone>
  </Data>
  <Data>
    <GeometriId>209</GeometriId>
    <UTMX>695990</UTMX>
    <UTMY>6176481</UTMY>
    <UTMZone>32</UTMZone>
  </Data>
  <Data>
    <GeometriId>215</GeometriId>
    <UTMX>880441</UTMX>
    <UTMY>6112582</UTMY>
    <UTMZone>32</UTMZone>
  </Data>
  <Data>
    <GeometriId>222</GeometriId>
    <UTMX>492670</UTMX>
    <UTMY>6110560</UTMY>
    <UTMZone>32</UTMZone>
  </Data>
  <Data>
    <GeometriId>232</GeometriId>
    <UTMX>654285</UTMX>
    <UTMY>6288753</UTMY>
    <UTMZone>32</UTMZone>
  </Data>
  <Data>
    <GeometriId>233</GeometriId>
    <UTMX>537216</UTMX>
    <UTMY>6245620</UTMY>
    <UTMZone>32</UTMZone>
  </Data>
  <Data>
    <GeometriId>234</GeometriId>
    <UTMX>527010</UTMX>
    <UTMY>6215223</UTMY>
  </Data>
  <Data>
    <GeometriId>246</GeometriId>
    <UTMX>555660</UTMX>
    <UTMY>6323578</UTMY>
    <UTMZone>32</UTMZone>
  </Data>
  <Data>
    <GeometriId>250</GeometriId>
    <UTMX>611753</UTMX>
    <UTMY>6067965</UTMY>
    <UTMZone>32</UTMZone>
  </Data>
  <Data>
    <GeometriId>254</GeometriId>
    <UTMX>588281</UTMX>
    <UTMY>6139579</UTMY>
    <UTMZone>32</UTMZone>
  </Data>
  <Data>
    <GeometriId>259</GeometriId>
    <UTMX>574591</UTMX>
    <UTMY>6223470</UTMY>
    <UTMZone>32</UTMZone>
  </Data>
  <Data>
    <GeometriId>260</GeometriId>
    <UTMX>574379</UTMX>
    <UTMY>6223550</UTMY>
    <UTMZone>32</UTMZone>
  </Data>
  <Data>
    <GeometriId>261</GeometriId>
    <UTMX>723788</UTMX>
    <UTMY>6178453</UTMY>
    <UTMZone>32</UTMZone>
  </Data>
  <Data>
    <GeometriId>265</GeometriId>
    <UTMX>587985</UTMX>
    <UTMY>6139784</UTMY>
    <UTMZone>32</UTMZone>
  </Data>
  <Data>
    <GeometriId>296</GeometriId>
    <UTMX>556479</UTMX>
    <UTMY>6322958</UTMY>
    <UTMZone>32</UTMZone>
  </Data>
  <Data>
    <GeometriId>308</GeometriId>
    <UTMX>574140</UTMX>
    <UTMY>6224500</UTMY>
    <UTMZone>32</UTMZone>
  </Data>
  <Data>
    <GeometriId>309</GeometriId>
    <UTMX>717952</UTMX>
    <UTMY>6170535</UTMY>
    <UTMZone>32</UTMZone>
  </Data>
  <Data>
    <GeometriId>310</GeometriId>
    <UTMX>586562</UTMX>
    <UTMY>6139844</UTMY>
    <UTMZone>32</UTMZone>
  </Data>
</DocumentElement>